{

	"liccustomersSet": [{
		"ID": "1",
		"customername": "Kiran",
		"totalpremamntandterm": "500000 [10y]",
		"premiumbegda" : "20-03-2020",
		"emiamnttobepaidonduedate": 4166.66,
		"amntpaidtillnow": 49992,
		"pendingamnttobepaid": 450008,
		"monthlypay": true,
		"yearlypay": false,
		"premiumenda" : "20-02-2029"
	}, {
		"ID": "2",
		"customername": "Balaji",
		"totalpremamntandterm": "400000 [10Y]",
		"premiumbegda" : "05-01-2019",
		"emiamnttobepaidonduedate": 3333.33,
		"amntpaidtillnow": 86686,
		"pendingamnttobepaid": 313334,
		"monthlypay": true,
		"yearlypay": false,
		"premiumenda" : "05-12-2028"
	}, {
		"ID": "3",
		"customername": "Charan",
		"totalpremamntandterm": "150000 [5Y]",
		"premiumbegda" : "15-06-2019",
		"emiamnttobepaidonduedate": 2500,
		"amntpaidtillnow": 52500,
		"pendingamnttobepaid": 97500,
		"monthlypay": false,
		"yearlypay": true,
		"premiumenda" : "15-06-2023"
	}, {
		"ID": "4",
		"customername": "David",
		"totalpremamntandterm": "300000 [10Y]",
		"premiumbegda" : "03-03-2021",
		"emiamnttobepaidonduedate": 2500,
		"amntpaidtillnow": 2500,
		"pendingamnttobepaid": 297500,
		"monthlypay": true,
		"yearlypay": false,
		"premiumenda" : "03-03-2030"
	}, {
		"ID": "5",
		"customername": "Elon",
		"totalpremamntandterm": "250000 [5Y]",
		"premiumbegda" :"01-01-2021",
		"emiamnttobepaidonduedate": 4166.66,
		"amntpaidtillnow": 16666.64,
		"pendingamnttobepaid": 233333.36,
		"monthlypay": true,
		"yearlypay": false,
		"premiumenda" : "01-01-2025"
	}, {
		"ID": "6",
		"customername": "Fayaz",
		"totalpremamntandterm": "200000 [6Y]",
		"premiumbegda" : "05-02-2021",
		"emiamnttobepaidonduedate": 2777.77,
		"amntpaidtillnow": 8333.31,
		"pendingamnttobepaid": 191666.96,
		"monthlypay": false,
		"yearlypay": true,
		"premiumenda" : "05-02-2026"
	}, {
		"ID": "7",
		"customername": "Giri",
		"totalpremamntandterm": "275000 [8Y]",
		"premiumbegda" : "07-01-2021",
		"emiamnttobepaidonduedate": 2864.58,
		"amntpaidtillnow": 8593.74,
		"pendingamnttobepaid": 266406.26,
		"monthlypay": false,
		"yearlypay": true,
		"premiumenda" : "07-01-2028"
	}, {
		"ID": "8",
		"customername": "Hareesh",
		"totalpremamntandterm": "125000 [6Y]",
		"premiumbegda" : "10-10-2020",
		"emiamnttobepaidonduedate": 1736.11,
		"amntpaidtillnow": 8680.55,
		"pendingamnttobepaid": 116319.45,
		"monthlypay": true,
		"yearlypay": false,
		"premiumenda" : "10-10-2025"
	}]

}