{
  "dataBinding": {
    "/webapp/view/1460972029486_S1.view.xml": {
      "entitySet": ""
    },
    "/webapp/view/MainPage.view.xml": {
      "entitySet": ""
    },
    "/webapp/view/ReportDialog.view.xml": {
      "entitySet": ""
    },
    "/webapp/view/D0_1461153265067.view.xml": {
      "entitySet": "/TravelRequestSet"
    },
    "/webapp/view/P0_1460990764684.view.xml": {
      "entitySet": "/TravelRequestSet"
    },
    "/webapp/view/D1_1461153528948.view.xml": {
      "entitySet": "/TravelRequestSet"
    }
  },
  "generation": [
    {
      "templateId": "servicecatalog.connectivityComponent",
      "templateVersion": "0.0.0",
      "dateTimeStamp": "Tue, 23 Feb 2021 16:57:03 GMT"
    },
    {
      "templateId": "ui5template.basicSAPUI5ApplicationComponent",
      "templateVersion": "1.4.0",
      "dateTimeStamp": "Sun, 07 Feb 2021 05:22:28 GMT"
    }
  ],
  "mockpreview": {
    "mockUri": "/sap/opu/odata/sap/ZCER_PROJECT_SRV",
    "metadataFilePath": "",
    "loadJSONFiles": false,
    "loadCustomRequests": false,
    "mockRequestsFilePath": ""
  },
  "deploy": {
    "destination": "DEV_200",
    "name": "ZMGRCER"
  }
}