{
  "dataBinding": {
    "/webapp/view/Main.view.xml": {
      "entitySet": ""
    },
    "/webapp/view/CreateCer.view.xml": {
      "entitySet": ""
    },
    "/webapp/view/FinanceReports.view.xml": {
      "entitySet": ""
    }
  },
  "generation": [
    {
      "templateId": "servicecatalog.connectivityComponent",
      "templateVersion": "0.0.0",
      "dateTimeStamp": "Tue, 23 Feb 2021 16:52:23 GMT"
    }
  ],
  "mockpreview": {
    "mockUri": "/sap/opu/odata/sap/ZCER_PROJECT_SRV",
    "metadataFilePath": "",
    "loadJSONFiles": false,
    "loadCustomRequests": false,
    "mockRequestsFilePath": ""
  },
  "deploy": {
    "destination": "DEV_200",
    "name": "ZEMPCER"
  }
}